Start,Finish,Distance (mi),Flights Climbed (count),Steps (count)
02-Mar-2015 00:00,03-Mar-2015 00:00,0.809808099350691,0.0,1923.0
03-Mar-2015 00:00,04-Mar-2015 00:00,5.18532929495941,15.0,12021.0
04-Mar-2015 00:00,05-Mar-2015 00:00,2.87508474921231,15.0,6614.0
05-Mar-2015 00:00,06-Mar-2015 00:00,3.30042648588474,20.0,7476.0
06-Mar-2015 00:00,07-Mar-2015 00:00,2.93605170025254,15.0,6769.0
07-Mar-2015 00:00,08-Mar-2015 00:00,3.05760040074588,3.0,7187.0
08-Mar-2015 00:00,09-Mar-2015 00:00,3.96941461467372,9.0,6866.0
09-Mar-2015 00:00,10-Mar-2015 00:00,5.61578496802452,13.0,12599.0
10-Mar-2015 00:00,11-Mar-2015 00:00,4.18695657193538,16.0,8910.0
11-Mar-2015 00:00,12-Mar-2015 00:00,3.97355430601534,14.0,8418.0
12-Mar-2015 00:00,13-Mar-2015 00:00,4.29386843710521,35.0,9337.0
13-Mar-2015 00:00,14-Mar-2015 00:00,5.66421085224967,20.0,12686.0
14-Mar-2015 00:00,15-Mar-2015 00:00,5.39781232282473,7.0,12034.0
15-Mar-2015 00:00,16-Mar-2015 00:00,4.8847779746243,7.0,10928.0
16-Mar-2015 00:00,17-Mar-2015 00:00,3.72593021592984,9.0,8152.0
17-Mar-2015 00:00,18-Mar-2015 00:00,1.05540032925323,6.0,2336.0
18-Mar-2015 00:00,19-Mar-2015 00:00,0.867723121874835,3.0,1891.0
19-Mar-2015 00:00,20-Mar-2015 00:00,1.95355627032806,10.0,4281.0
20-Mar-2015 00:00,21-Mar-2015 00:00,1.24020447136324,6.0,2750.0
21-Mar-2015 00:00,22-Mar-2015 00:00,0.209740544877416,0.0,486.0
22-Mar-2015 00:00,23-Mar-2015 00:00,2.71486365148515,11.0,6144.0
23-Mar-2015 00:00,24-Mar-2015 00:00,1.44852217528631,6.0,2994.0
24-Mar-2015 00:00,25-Mar-2015 00:00,3.69041050266444,17.0,7926.0
25-Mar-2015 00:00,26-Mar-2015 00:00,5.18316158633582,36.0,10800.0
26-Mar-2015 00:00,27-Mar-2015 00:00,1.28692187624269,8.0,2571.0
27-Mar-2015 00:00,28-Mar-2015 00:00,8.78447988745683,32.0,18176.0
28-Mar-2015 00:00,29-Mar-2015 00:00,6.51779855643058,23.0,15359.0
29-Mar-2015 00:00,30-Mar-2015 00:00,1.91602913982335,15.0,4112.0
30-Mar-2015 00:00,31-Mar-2015 00:00,2.5013000939347,6.0,5394.0
31-Mar-2015 00:00,01-Apr-2015 00:00,3.18501226927381,30.0,6936.0
01-Apr-2015 00:00,02-Apr-2015 00:00,3.04647800679249,9.0,6395.0
02-Apr-2015 00:00,03-Apr-2015 00:00,2.83351500863359,21.0,5423.041378225
03-Apr-2015 00:00,04-Apr-2015 00:00,3.45259051932055,35.0,7631.958621775
04-Apr-2015 00:00,05-Apr-2015 00:00,2.51907540948965,13.0,5367.0
05-Apr-2015 00:00,06-Apr-2015 00:00,4.01796701276374,22.0,9836.0
06-Apr-2015 00:00,07-Apr-2015 00:00,3.74022583114587,18.0,8322.0
07-Apr-2015 00:00,08-Apr-2015 00:00,6.7796568042625,31.0,15008.0
08-Apr-2015 00:00,09-Apr-2015 00:00,2.25210396285697,14.0,4924.0
09-Apr-2015 00:00,10-Apr-2015 00:00,3.90887218643056,11.0,8745.0
10-Apr-2015 00:00,11-Apr-2015 00:00,5.51148791060247,22.0,12416.0
11-Apr-2015 00:00,12-Apr-2015 00:00,5.58457980394475,15.0,12461.0
12-Apr-2015 00:00,13-Apr-2015 00:00,3.9003656148092,6.0,9271.0
13-Apr-2015 00:00,14-Apr-2015 00:00,2.23794291338582,14.0,5056.0
14-Apr-2015 00:00,15-Apr-2015 00:00,7.03849518810048,18.0,16588.0
15-Apr-2015 00:00,16-Apr-2015 00:00,5.95867011651921,23.0,13969.0
16-Apr-2015 00:00,17-Apr-2015 00:00,3.15355200628299,31.0,6964.0
17-Apr-2015 00:00,18-Apr-2015 00:00,3.47645997375372,15.0,7756.0
18-Apr-2015 00:00,19-Apr-2015 00:00,3.56104102044092,8.0,7657.0
19-Apr-2015 00:00,20-Apr-2015 00:00,5.62007252644603,13.0,12334.0
20-Apr-2015 00:00,21-Apr-2015 00:00,3.63382876112839,11.0,8042.18886351676
21-Apr-2015 00:00,22-Apr-2015 00:00,2.43402248757804,13.0,5336.81113648324
22-Apr-2015 00:00,23-Apr-2015 00:00,3.52173929253151,25.0,8081.0
23-Apr-2015 00:00,24-Apr-2015 00:00,5.20179029467953,39.0,8137.0
24-Apr-2015 00:00,25-Apr-2015 00:00,7.95427205122078,13.0,17835.0
25-Apr-2015 00:00,26-Apr-2015 00:00,3.44676464447682,5.0,6987.0
26-Apr-2015 00:00,27-Apr-2015 00:00,3.52975498091167,8.0,7974.0
27-Apr-2015 00:00,28-Apr-2015 00:00,2.23531451324339,10.0,4338.0
28-Apr-2015 00:00,29-Apr-2015 00:00,4.21121276743902,16.0,8416.0
29-Apr-2015 00:00,30-Apr-2015 00:00,2.01621903085969,10.0,4336.0
30-Apr-2015 00:00,01-May-2015 00:00,3.52783494392732,13.0,8006.0
01-May-2015 00:00,02-May-2015 00:00,4.15138714904963,23.0,9026.0
02-May-2015 00:00,03-May-2015 00:00,2.47774615012017,6.0,5226.26103669677
03-May-2015 00:00,04-May-2015 00:00,4.52903425233,39.0,11532.7389633032
04-May-2015 00:00,05-May-2015 00:00,1.86614546051099,0.0,4024.0
05-May-2015 00:00,06-May-2015 00:00,4.14240212160936,18.0,8958.0
06-May-2015 00:00,07-May-2015 00:00,4.25280222699666,7.0,8765.0
07-May-2015 00:00,08-May-2015 00:00,3.47806823947901,9.0,7346.0
08-May-2015 00:00,09-May-2015 00:00,2.91513187982174,15.0,6476.0
09-May-2015 00:00,10-May-2015 00:00,2.44354558575631,7.0,5493.0
10-May-2015 00:00,11-May-2015 00:00,6.14067879386639,3.0,13172.0
11-May-2015 00:00,12-May-2015 00:00,3.73737373737491,3.0,8202.0
12-May-2015 00:00,13-May-2015 00:00,2.01997211286094,0.0,4126.0
13-May-2015 00:00,14-May-2015 00:00,4.37903914436673,19.0,9480.0
14-May-2015 00:00,15-May-2015 00:00,1.6519461515058,3.0,3547.0
15-May-2015 00:00,16-May-2015 00:00,2.10837459238081,8.0,4292.0
16-May-2015 00:00,17-May-2015 00:00,1.63835078143665,6.0,3592.0
17-May-2015 00:00,18-May-2015 00:00,2.07023482860121,8.0,4265.0
18-May-2015 00:00,19-May-2015 00:00,6.78330425316193,34.0,16038.0
19-May-2015 00:00,20-May-2015 00:00,3.59177403960852,29.0,8087.0
20-May-2015 00:00,21-May-2015 00:00,1.00955420345186,8.0,2217.0
21-May-2015 00:00,22-May-2015 00:00,1.39870655372627,6.0,3034.0
22-May-2015 00:00,23-May-2015 00:00,3.38082473355645,16.0,7481.0
23-May-2015 00:00,24-May-2015 00:00,4.37941897547653,10.0,9776.0
24-May-2015 00:00,25-May-2015 00:00,2.02904310596808,0.0,4791.0
25-May-2015 00:00,26-May-2015 00:00,0.946764176788129,3.0,2142.0
26-May-2015 00:00,27-May-2015 00:00,2.84156461362675,15.0,6271.26477507623
27-May-2015 00:00,28-May-2015 00:00,4.57723506665999,7.0,9942.73522492377
28-May-2015 00:00,29-May-2015 00:00,3.27208477491521,26.0,7330.0
29-May-2015 00:00,30-May-2015 00:00,4.53080261274086,10.0,9906.0
30-May-2015 00:00,31-May-2015 00:00,5.40815388133357,11.0,12585.0
31-May-2015 00:00,01-Jun-2015 00:00,1.90985892388495,16.0,4027.0
01-Jun-2015 00:00,02-Jun-2015 00:00,1.62226348126937,3.0,3360.0
02-Jun-2015 00:00,03-Jun-2015 00:00,3.14006825141118,5.0,6885.0
03-Jun-2015 00:00,04-Jun-2015 00:00,6.14196219080629,3.0,13325.0
04-Jun-2015 00:00,05-Jun-2015 00:00,4.83260260080949,16.0,10163.0
05-Jun-2015 00:00,06-Jun-2015 00:00,8.01171160422968,24.0,16665.0
06-Jun-2015 00:00,07-Jun-2015 00:00,6.61267572377241,10.0,14338.0
07-Jun-2015 00:00,08-Jun-2015 00:00,4.65195135409136,6.0,9916.0
08-Jun-2015 00:00,09-Jun-2015 00:00,4.44149293128039,6.0,9676.0
09-Jun-2015 00:00,10-Jun-2015 00:00,3.48966325758828,8.0,7112.0
10-Jun-2015 00:00,11-Jun-2015 00:00,5.05552037002798,26.0,10930.0
11-Jun-2015 00:00,12-Jun-2015 00:00,3.07991916816877,4.0,6496.0
12-Jun-2015 00:00,13-Jun-2015 00:00,4.56897952513363,25.0,9559.23435786143
13-Jun-2015 00:00,14-Jun-2015 00:00,5.08379559855723,18.0,11348.3033921593
14-Jun-2015 00:00,15-Jun-2015 00:00,12.9490431116999,66.0,26165.4622499793
15-Jun-2015 00:00,16-Jun-2015 00:00,4.5490771395035,23.0,9848.0
16-Jun-2015 00:00,17-Jun-2015 00:00,4.11448391394163,16.0,8573.0
17-Jun-2015 00:00,18-Jun-2015 00:00,2.46070448580226,7.0,4822.0
18-Jun-2015 00:00,19-Jun-2015 00:00,3.5315072476739,15.0,7415.0
19-Jun-2015 00:00,20-Jun-2015 00:00,2.94808319414509,6.0,6686.0
20-Jun-2015 00:00,21-Jun-2015 00:00,5.42743875175373,5.0,11340.0
21-Jun-2015 00:00,22-Jun-2015 00:00,4.49128589630005,6.0,10585.0
22-Jun-2015 00:00,23-Jun-2015 00:00,4.66606890757905,5.0,10087.0
23-Jun-2015 00:00,24-Jun-2015 00:00,4.81946714262593,22.0,10395.0522916776
24-Jun-2015 00:00,25-Jun-2015 00:00,7.30445415698148,25.0,16177.9477083224
25-Jun-2015 00:00,26-Jun-2015 00:00,8.72961281118057,22.0,19755.0
26-Jun-2015 00:00,27-Jun-2015 00:00,8.18945483377021,19.0,16728.0
27-Jun-2015 00:00,28-Jun-2015 00:00,4.56443703545958,9.0,9512.52611777457
28-Jun-2015 00:00,29-Jun-2015 00:00,3.33210341828879,12.0,6942.47388222543
29-Jun-2015 00:00,30-Jun-2015 00:00,4.25462797263807,21.0,8835.0
30-Jun-2015 00:00,01-Jul-2015 00:00,3.61460943092255,9.0,7481.0
01-Jul-2015 00:00,02-Jul-2015 00:00,2.82155337827009,12.0,5477.0
02-Jul-2015 00:00,03-Jul-2015 00:00,5.88293273835813,20.0,12723.2329680399
03-Jul-2015 00:00,04-Jul-2015 00:00,5.32839311863608,8.0,11768.7670319601
04-Jul-2015 00:00,05-Jul-2015 00:00,4.93427539276961,6.0,9380.8151448411
05-Jul-2015 00:00,06-Jul-2015 00:00,3.74312359712955,1.0,6842.1848551589
06-Jul-2015 00:00,07-Jul-2015 00:00,4.88638227749853,6.0,9076.0
07-Jul-2015 00:00,08-Jul-2015 00:00,8.40120570866087,58.0,17089.0
08-Jul-2015 00:00,09-Jul-2015 00:00,2.783326622524,5.0,5666.0
09-Jul-2015 00:00,10-Jul-2015 00:00,3.75712091386167,6.0,8502.0
10-Jul-2015 00:00,11-Jul-2015 00:00,6.77121858346954,7.0,14998.0
11-Jul-2015 00:00,12-Jul-2015 00:00,3.14572894297003,7.0,6182.0
12-Jul-2015 00:00,13-Jul-2015 00:00,4.24310775073548,4.0,8783.0
13-Jul-2015 00:00,14-Jul-2015 00:00,2.26110141771987,2.0,4603.0
14-Jul-2015 00:00,15-Jul-2015 00:00,7.74552239918842,18.0,16545.0
15-Jul-2015 00:00,16-Jul-2015 00:00,4.53494094488097,9.0,9082.0
16-Jul-2015 00:00,17-Jul-2015 00:00,3.38521161417314,7.0,6651.0
17-Jul-2015 00:00,18-Jul-2015 00:00,4.15487925514848,8.0,7984.0
18-Jul-2015 00:00,19-Jul-2015 00:00,3.3155931857955,7.0,8074.0
19-Jul-2015 00:00,20-Jul-2015 00:00,7.96668083392674,11.0,19237.0
20-Jul-2015 00:00,21-Jul-2015 00:00,8.34250477212719,14.0,20309.0
21-Jul-2015 00:00,22-Jul-2015 00:00,6.96276232491475,9.0,17185.0
22-Jul-2015 00:00,23-Jul-2015 00:00,8.13641473107319,3.0,19808.0
23-Jul-2015 00:00,24-Jul-2015 00:00,4.24676141334483,1.0,10459.0
24-Jul-2015 00:00,25-Jul-2015 00:00,4.92843667978817,3.0,11740.0
25-Jul-2015 00:00,26-Jul-2015 00:00,1.51078541984213,10.0,3255.23661122457
26-Jul-2015 00:00,27-Jul-2015 00:00,8.40428556560157,27.0,20255.7633887754
27-Jul-2015 00:00,28-Jul-2015 00:00,6.73412893700673,6.0,15669.0
28-Jul-2015 00:00,29-Jul-2015 00:00,1.91986921379123,7.0,4007.0
29-Jul-2015 00:00,30-Jul-2015 00:00,2.31760270022983,7.0,5176.0
30-Jul-2015 00:00,31-Jul-2015 00:00,4.44626506203868,14.0,10574.0
31-Jul-2015 00:00,01-Aug-2015 00:00,3.98610862562657,16.0,8930.0
01-Aug-2015 00:00,02-Aug-2015 00:00,4.48933229937066,0.0,10788.0
02-Aug-2015 00:00,03-Aug-2015 00:00,1.96318499960207,1.0,4533.0
03-Aug-2015 00:00,04-Aug-2015 00:00,6.88375512009809,7.0,16736.0
04-Aug-2015 00:00,05-Aug-2015 00:00,6.09773920305206,21.0,13148.0
05-Aug-2015 00:00,06-Aug-2015 00:00,5.0510207885935,1.0,11455.0
06-Aug-2015 00:00,07-Aug-2015 00:00,5.67528135687518,2.0,13717.0
07-Aug-2015 00:00,08-Aug-2015 00:00,9.36312793498747,7.0,21378.0
08-Aug-2015 00:00,09-Aug-2015 00:00,1.48114774504198,5.0,3318.0
09-Aug-2015 00:00,10-Aug-2015 00:00,2.71854246202357,10.0,5040.0
10-Aug-2015 00:00,11-Aug-2015 00:00,3.23608252803915,8.0,6974.0
11-Aug-2015 00:00,12-Aug-2015 00:00,4.70803566237688,14.0,9686.73645022477
12-Aug-2015 00:00,13-Aug-2015 00:00,3.99525586510529,3.0,8505.26354977523
13-Aug-2015 00:00,14-Aug-2015 00:00,2.70297711365756,2.0,5239.0
14-Aug-2015 00:00,15-Aug-2015 00:00,4.4705606756563,14.0,9934.0
15-Aug-2015 00:00,16-Aug-2015 00:00,2.10275739680329,6.0,4570.0
16-Aug-2015 00:00,17-Aug-2015 00:00,5.31870128450164,35.0,12082.0
17-Aug-2015 00:00,18-Aug-2015 00:00,3.86621498262512,14.0,8476.0
18-Aug-2015 00:00,19-Aug-2015 00:00,2.84701102748161,5.0,5886.0
19-Aug-2015 00:00,20-Aug-2015 00:00,2.60834131156604,2.0,5599.0
20-Aug-2015 00:00,21-Aug-2015 00:00,4.54507647854253,0.0,10542.0
21-Aug-2015 00:00,22-Aug-2015 00:00,6.27103962857538,30.0,13824.0
22-Aug-2015 00:00,23-Aug-2015 00:00,6.43508783703131,3.0,15530.0
23-Aug-2015 00:00,24-Aug-2015 00:00,2.45923804979604,2.0,5286.0
24-Aug-2015 00:00,25-Aug-2015 00:00,3.65137596437102,6.0,7665.0
25-Aug-2015 00:00,26-Aug-2015 00:00,1.85395415772002,0.0,3956.0
26-Aug-2015 00:00,27-Aug-2015 00:00,2.96850766524261,23.0,6421.0
27-Aug-2015 00:00,28-Aug-2015 00:00,3.07317764256989,8.0,6793.0
28-Aug-2015 00:00,29-Aug-2015 00:00,12.0779881949333,15.0,23473.9000958379
29-Aug-2015 00:00,30-Aug-2015 00:00,6.45765738488711,5.0,13392.0999041621
30-Aug-2015 00:00,31-Aug-2015 00:00,4.27821522309979,11.0,8316.0
31-Aug-2015 00:00,01-Sep-2015 00:00,4.51150903722628,20.0,9783.0
01-Sep-2015 00:00,02-Sep-2015 00:00,5.54074828005653,26.0,13323.0
02-Sep-2015 00:00,03-Sep-2015 00:00,0.419959933984286,2.0,1054.0
03-Sep-2015 00:00,04-Sep-2015 00:00,1.23511815994518,0.0,2680.0
04-Sep-2015 00:00,05-Sep-2015 00:00,2.70358605742507,2.0,5843.0
05-Sep-2015 00:00,06-Sep-2015 00:00,1.5400809273851,4.0,3319.0
06-Sep-2015 00:00,07-Sep-2015 00:00,1.7453198321804,4.0,3511.0
07-Sep-2015 00:00,08-Sep-2015 00:00,4.51592698639881,1.0,9707.0
08-Sep-2015 00:00,09-Sep-2015 00:00,3.40045384952141,5.0,7403.0
09-Sep-2015 00:00,10-Sep-2015 00:00,3.1583241370406,10.0,7059.0
10-Sep-2015 00:00,11-Sep-2015 00:00,2.57133341286807,6.0,5488.0
11-Sep-2015 00:00,12-Sep-2015 00:00,2.98134519407085,10.0,6336.0
12-Sep-2015 00:00,13-Sep-2015 00:00,2.15337429412205,11.0,4904.0
13-Sep-2015 00:00,14-Sep-2015 00:00,1.3593861846813,0.0,2923.0
14-Sep-2015 00:00,15-Sep-2015 00:00,3.3055891095994,0.0,7284.0
15-Sep-2015 00:00,16-Sep-2015 00:00,3.55380825976229,28.0,7950.0
16-Sep-2015 00:00,17-Sep-2015 00:00,5.15646126620827,4.0,12230.0
17-Sep-2015 00:00,18-Sep-2015 00:00,2.249736538616,9.0,5315.0
18-Sep-2015 00:00,19-Sep-2015 00:00,3.56266279926108,21.0,8417.0
19-Sep-2015 00:00,20-Sep-2015 00:00,4.26731015868019,3.0,11131.0
20-Sep-2015 00:00,21-Sep-2015 00:00,0.605818271295761,1.0,1357.0
21-Sep-2015 00:00,22-Sep-2015 00:00,3.4575267935276,12.0,8526.0
22-Sep-2015 00:00,23-Sep-2015 00:00,3.16515922015753,16.0,7618.0
23-Sep-2015 00:00,24-Sep-2015 00:00,1.72198113020138,6.0,3550.0
24-Sep-2015 00:00,25-Sep-2015 00:00,5.27091318523869,39.0,12809.0
25-Sep-2015 00:00,26-Sep-2015 00:00,2.01069348183454,6.0,4561.0
26-Sep-2015 00:00,27-Sep-2015 00:00,3.89618378669099,16.0,9787.0
27-Sep-2015 00:00,28-Sep-2015 00:00,5.47976438508841,14.0,14611.1595109782
28-Sep-2015 00:00,29-Sep-2015 00:00,4.31640100901926,6.0,9541.84048902184
29-Sep-2015 00:00,30-Sep-2015 00:00,3.66090158474923,8.0,8825.0
30-Sep-2015 00:00,01-Oct-2015 00:00,4.43168148015696,30.0,11025.0
01-Oct-2015 00:00,02-Oct-2015 00:00,5.90479723415449,61.0,14977.0
02-Oct-2015 00:00,03-Oct-2015 00:00,5.3780981567678,16.0,14107.0
03-Oct-2015 00:00,04-Oct-2015 00:00,2.91282659270543,16.0,7144.0
04-Oct-2015 00:00,05-Oct-2015 00:00,1.18843454227564,9.0,2846.0
05-Oct-2015 00:00,06-Oct-2015 00:00,1.19362299172915,0.0,2826.0
06-Oct-2015 00:00,07-Oct-2015 00:00,2.59026037938953,5.0,6218.0
07-Oct-2015 00:00,08-Oct-2015 00:00,3.53986469021271,16.0,8020.0
08-Oct-2015 00:00,09-Oct-2015 00:00,4.43775227671005,30.0,10758.0
09-Oct-2015 00:00,10-Oct-2015 00:00,1.8471201019759,6.0,4020.0
10-Oct-2015 00:00,11-Oct-2015 00:00,5.68056819835028,20.0,13453.0
11-Oct-2015 00:00,12-Oct-2015 00:00,2.0373705062498,0.0,4159.0
12-Oct-2015 00:00,13-Oct-2015 00:00,2.83453382248064,8.0,6977.0
13-Oct-2015 00:00,14-Oct-2015 00:00,3.13497300763946,19.0,7742.0
14-Oct-2015 00:00,15-Oct-2015 00:00,4.11071219081354,15.0,9836.0
15-Oct-2015 00:00,16-Oct-2015 00:00,3.64638635369893,14.0,8907.0
16-Oct-2015 00:00,17-Oct-2015 00:00,3.63871863318407,14.0,8004.0
17-Oct-2015 00:00,18-Oct-2015 00:00,1.67617364590835,5.0,4130.0
18-Oct-2015 00:00,19-Oct-2015 00:00,0.853627316472111,0.0,1592.0
19-Oct-2015 00:00,20-Oct-2015 00:00,1.77140499483196,3.0,3809.0
20-Oct-2015 00:00,21-Oct-2015 00:00,4.79766289867658,8.0,11557.0
21-Oct-2015 00:00,22-Oct-2015 00:00,3.38303681500385,21.0,8002.0
22-Oct-2015 00:00,23-Oct-2015 00:00,4.2257279984905,25.0,9653.0
23-Oct-2015 00:00,24-Oct-2015 00:00,4.0227265185319,17.0,8694.64734203449
24-Oct-2015 00:00,25-Oct-2015 00:00,4.64033743796687,19.0,10131.3526579655
25-Oct-2015 00:00,26-Oct-2015 00:00,1.91647652708518,12.0,4113.0
26-Oct-2015 00:00,27-Oct-2015 00:00,1.99470094647269,6.0,4329.0
27-Oct-2015 00:00,28-Oct-2015 00:00,3.94888227750381,8.0,8423.0
28-Oct-2015 00:00,29-Oct-2015 00:00,3.81984212200932,6.0,9103.0
29-Oct-2015 00:00,30-Oct-2015 00:00,2.31411059413054,7.0,5576.0
30-Oct-2015 00:00,31-Oct-2015 00:00,3.15407395808709,2.0,6954.0
31-Oct-2015 00:00,01-Nov-2015 00:00,3.83184701344078,11.0,8877.0
01-Nov-2015 00:00,02-Nov-2015 00:00,3.4839102143507,14.0,7039.0
02-Nov-2015 00:00,03-Nov-2015 00:00,3.83270450568918,21.0,9025.0
03-Nov-2015 00:00,04-Nov-2015 00:00,5.24792089199726,18.0,11677.0
04-Nov-2015 00:00,05-Nov-2015 00:00,5.92404731369202,13.0,12161.0
05-Nov-2015 00:00,06-Nov-2015 00:00,2.70624534029654,25.0,5803.0
06-Nov-2015 00:00,07-Nov-2015 00:00,2.72092249952802,9.0,6506.0
07-Nov-2015 00:00,08-Nov-2015 00:00,5.70034125706315,17.0,13333.0
08-Nov-2015 00:00,09-Nov-2015 00:00,6.2280718106357,4.0,16481.0
09-Nov-2015 00:00,10-Nov-2015 00:00,5.70754294918688,10.0,13786.0
10-Nov-2015 00:00,11-Nov-2015 00:00,3.27357606577894,32.0,7580.0
11-Nov-2015 00:00,12-Nov-2015 00:00,5.42209745089204,19.0,13199.0
12-Nov-2015 00:00,13-Nov-2015 00:00,3.09217295991591,20.0,6873.0
13-Nov-2015 00:00,14-Nov-2015 00:00,2.26397836633827,3.0,4561.0
14-Nov-2015 00:00,15-Nov-2015 00:00,5.07314781675984,12.0,11163.0
15-Nov-2015 00:00,16-Nov-2015 00:00,3.1218185794997,5.0,6906.0
16-Nov-2015 00:00,17-Nov-2015 00:00,4.47630835918594,19.0,9843.0
17-Nov-2015 00:00,18-Nov-2015 00:00,2.70551852183401,14.0,5760.0
18-Nov-2015 00:00,19-Nov-2015 00:00,5.41139122524778,15.0,12714.0
19-Nov-2015 00:00,20-Nov-2015 00:00,3.62972739203429,27.0,8265.0
20-Nov-2015 00:00,21-Nov-2015 00:00,3.57159190328578,23.0,8371.0
21-Nov-2015 00:00,22-Nov-2015 00:00,2.18069598544803,16.0,5246.0
22-Nov-2015 00:00,23-Nov-2015 00:00,2.53136060407472,9.0,5051.0
23-Nov-2015 00:00,24-Nov-2015 00:00,3.71583701185285,9.0,9089.0
24-Nov-2015 00:00,25-Nov-2015 00:00,2.75007083631638,6.0,6509.0
25-Nov-2015 00:00,26-Nov-2015 00:00,3.89745005400026,28.0,8395.0
26-Nov-2015 00:00,27-Nov-2015 00:00,5.41351764464376,30.0,12236.0
27-Nov-2015 00:00,28-Nov-2015 00:00,1.71622723296096,6.0,3710.0
28-Nov-2015 00:00,29-Nov-2015 00:00,5.52649402490158,8.0,11676.0
29-Nov-2015 00:00,30-Nov-2015 00:00,1.74110072178494,5.0,4090.0
30-Nov-2015 00:00,01-Dec-2015 00:00,2.65248449057592,16.0,6056.0
01-Dec-2015 00:00,02-Dec-2015 00:00,3.78592768233335,17.0,8428.0
02-Dec-2015 00:00,03-Dec-2015 00:00,3.20797753179192,22.0,7240.0
03-Dec-2015 00:00,04-Dec-2015 00:00,4.00956576535753,8.0,9147.0
04-Dec-2015 00:00,05-Dec-2015 00:00,1.54293923486945,9.0,3503.0
05-Dec-2015 00:00,06-Dec-2015 00:00,1.96435939115801,7.0,4684.0
06-Dec-2015 00:00,07-Dec-2015 00:00,2.1671749483035,21.0,4771.0
07-Dec-2015 00:00,08-Dec-2015 00:00,2.81525948884849,15.0,5920.0
08-Dec-2015 00:00,09-Dec-2015 00:00,1.60625635860702,5.0,3477.0
09-Dec-2015 00:00,10-Dec-2015 00:00,2.85639987473297,8.0,6600.0
10-Dec-2015 00:00,11-Dec-2015 00:00,3.73023418237767,31.0,8299.0
11-Dec-2015 00:00,12-Dec-2015 00:00,4.19106169967947,1.0,10072.0
12-Dec-2015 00:00,13-Dec-2015 00:00,5.24126600652596,3.0,12664.0
13-Dec-2015 00:00,14-Dec-2015 00:00,3.41376362045678,11.0,7408.0
14-Dec-2015 00:00,15-Dec-2015 00:00,1.96131532119156,10.0,3968.0
15-Dec-2015 00:00,16-Dec-2015 00:00,2.96300110419986,14.0,6645.0
16-Dec-2015 00:00,17-Dec-2015 00:00,4.49003501222393,20.0,10264.0
17-Dec-2015 00:00,18-Dec-2015 00:00,2.74204893422653,25.0,6274.0
18-Dec-2015 00:00,19-Dec-2015 00:00,4.79469274437825,8.0,9626.0
19-Dec-2015 00:00,20-Dec-2015 00:00,6.74235438475812,7.0,13828.388153511
20-Dec-2015 00:00,21-Dec-2015 00:00,2.52024578028557,8.0,5809.61184648902
21-Dec-2015 00:00,22-Dec-2015 00:00,3.62121460670009,5.0,8084.0
22-Dec-2015 00:00,23-Dec-2015 00:00,4.97121187266835,28.0,10491.0
23-Dec-2015 00:00,24-Dec-2015 00:00,3.84899685835224,8.0,8625.0
24-Dec-2015 00:00,25-Dec-2015 00:00,1.80814045971565,4.0,4051.0
25-Dec-2015 00:00,26-Dec-2015 00:00,0.970892487873294,6.0,2058.0
26-Dec-2015 00:00,27-Dec-2015 00:00,2.75866891728127,7.0,6022.0
27-Dec-2015 00:00,28-Dec-2015 00:00,0.795910080445008,0.0,1677.0
28-Dec-2015 00:00,29-Dec-2015 00:00,3.16697064089315,15.0,7881.0
29-Dec-2015 00:00,30-Dec-2015 00:00,2.43215247952101,11.0,5369.0
30-Dec-2015 00:00,31-Dec-2015 00:00,2.8561710885103,2.0,6520.03327863476
31-Dec-2015 00:00,01-Jan-2016 00:00,2.22553300956116,11.0,4927.96672136524
01-Jan-2016 00:00,02-Jan-2016 00:00,3.18441798568152,17.0,5207.0
02-Jan-2016 00:00,03-Jan-2016 00:00,5.61257851793242,63.0,12604.0
03-Jan-2016 00:00,04-Jan-2016 00:00,2.13490107956353,2.0,5000.0
04-Jan-2016 00:00,05-Jan-2016 00:00,2.37031181700149,11.0,4922.0
05-Jan-2016 00:00,06-Jan-2016 00:00,1.86792879895044,6.0,4071.0
06-Jan-2016 00:00,07-Jan-2016 00:00,2.35545326946452,8.0,5251.0
07-Jan-2016 00:00,08-Jan-2016 00:00,1.2561540997367,4.0,2874.0
08-Jan-2016 00:00,09-Jan-2016 00:00,1.83845508068248,0.0,4064.0
09-Jan-2016 00:00,10-Jan-2016 00:00,1.1964000631735,0.0,3183.0
10-Jan-2016 00:00,11-Jan-2016 00:00,0.715526112134709,2.0,1584.0
11-Jan-2016 00:00,12-Jan-2016 00:00,1.00351380267535,7.0,2343.0
12-Jan-2016 00:00,13-Jan-2016 00:00,2.44167770322386,6.0,5430.0
13-Jan-2016 00:00,14-Jan-2016 00:00,2.69034874536081,23.0,5989.0
14-Jan-2016 00:00,15-Jan-2016 00:00,5.53382752121015,25.0,12845.0
15-Jan-2016 00:00,16-Jan-2016 00:00,3.41834513996615,12.0,7850.0
16-Jan-2016 00:00,17-Jan-2016 00:00,1.83855738006032,7.0,4112.0
17-Jan-2016 00:00,18-Jan-2016 00:00,0.556240427920952,9.0,1162.0
18-Jan-2016 00:00,19-Jan-2016 00:00,1.63544654178269,12.0,3432.0
19-Jan-2016 00:00,20-Jan-2016 00:00,2.48350671483673,13.0,5239.0
20-Jan-2016 00:00,21-Jan-2016 00:00,2.10625654390384,21.0,4600.0
21-Jan-2016 00:00,22-Jan-2016 00:00,0.604923011510997,2.0,1275.0
22-Jan-2016 00:00,23-Jan-2016 00:00,1.52453029378805,19.0,3208.0
23-Jan-2016 00:00,24-Jan-2016 00:00,0.556852223844319,4.0,1175.0
24-Jan-2016 00:00,25-Jan-2016 00:00,2.80363728352712,13.0,6202.0
25-Jan-2016 00:00,26-Jan-2016 00:00,3.57083368112932,6.0,7453.0
26-Jan-2016 00:00,27-Jan-2016 00:00,1.2513983074985,3.0,2662.0
27-Jan-2016 00:00,28-Jan-2016 00:00,1.48168425182471,0.0,2966.0
28-Jan-2016 00:00,29-Jan-2016 00:00,2.63503331246769,10.0,6021.0
29-Jan-2016 00:00,30-Jan-2016 00:00,2.48063887441346,7.0,5351.0
30-Jan-2016 00:00,31-Jan-2016 00:00,3.53180672147484,18.0,8070.0
31-Jan-2016 00:00,01-Feb-2016 00:00,1.05739238516265,1.0,1820.0
01-Feb-2016 00:00,02-Feb-2016 00:00,1.98322238406303,7.0,4415.0
02-Feb-2016 00:00,03-Feb-2016 00:00,2.74015940915117,32.0,6316.0
03-Feb-2016 00:00,04-Feb-2016 00:00,2.56863103146218,22.0,5861.0
04-Feb-2016 00:00,05-Feb-2016 00:00,1.39347473126264,3.0,3004.0
05-Feb-2016 00:00,06-Feb-2016 00:00,3.81269090063589,5.0,9039.0
06-Feb-2016 00:00,07-Feb-2016 00:00,2.13708900215188,0.0,4686.0
07-Feb-2016 00:00,08-Feb-2016 00:00,1.2304338402012,4.0,2552.0
08-Feb-2016 00:00,09-Feb-2016 00:00,5.10095041331928,22.0,11854.0
09-Feb-2016 00:00,10-Feb-2016 00:00,2.59042791164935,8.0,5794.0
10-Feb-2016 00:00,11-Feb-2016 00:00,1.40793930931808,3.0,3047.0
11-Feb-2016 00:00,12-Feb-2016 00:00,2.78561208792715,3.0,6433.0
12-Feb-2016 00:00,13-Feb-2016 00:00,4.96542110996623,10.0,12095.0
13-Feb-2016 00:00,14-Feb-2016 00:00,2.63836870254027,9.0,6258.0
14-Feb-2016 00:00,15-Feb-2016 00:00,1.18211722849496,0.0,3050.0
15-Feb-2016 00:00,16-Feb-2016 00:00,3.39164243053202,13.0,7069.0
16-Feb-2016 00:00,17-Feb-2016 00:00,3.44761497993365,2.0,7298.0
17-Feb-2016 00:00,18-Feb-2016 00:00,3.23845683848148,26.0,7207.0
18-Feb-2016 00:00,19-Feb-2016 00:00,2.19919021307191,4.0,5332.0
19-Feb-2016 00:00,20-Feb-2016 00:00,3.32479385874812,22.0,7030.0
20-Feb-2016 00:00,21-Feb-2016 00:00,1.86607544601591,7.0,4561.0
21-Feb-2016 00:00,22-Feb-2016 00:00,1.99104749115197,0.0,5151.0
22-Feb-2016 00:00,23-Feb-2016 00:00,2.84477100889962,20.0,6581.0
23-Feb-2016 00:00,24-Feb-2016 00:00,1.59275863650584,6.0,3518.0
24-Feb-2016 00:00,25-Feb-2016 00:00,1.985571822049,3.0,4334.0
25-Feb-2016 00:00,26-Feb-2016 00:00,4.04586108764076,26.0,9178.0
26-Feb-2016 00:00,27-Feb-2016 00:00,4.07227895181655,5.0,9950.0
27-Feb-2016 00:00,28-Feb-2016 00:00,2.61719672056135,13.0,6172.0
28-Feb-2016 00:00,29-Feb-2016 00:00,3.70282374136932,0.0,8542.0
29-Feb-2016 00:00,01-Mar-2016 00:00,1.70733023560181,4.0,3535.0
01-Mar-2016 00:00,02-Mar-2016 00:00,2.49194408330735,5.0,5428.0
02-Mar-2016 00:00,03-Mar-2016 00:00,5.16140027651872,26.0,12113.0
03-Mar-2016 00:00,04-Mar-2016 00:00,3.72063969846671,13.0,8583.0
04-Mar-2016 00:00,05-Mar-2016 00:00,2.40034565552068,1.0,6119.0
05-Mar-2016 00:00,06-Mar-2016 00:00,2.95356623121625,4.0,6519.0
06-Mar-2016 00:00,07-Mar-2016 00:00,3.7058015665896,6.0,8851.0
07-Mar-2016 00:00,08-Mar-2016 00:00,3.48968712295173,11.0,8568.0
08-Mar-2016 00:00,09-Mar-2016 00:00,2.79138449766146,4.0,6505.0
09-Mar-2016 00:00,10-Mar-2016 00:00,3.46168431919193,11.0,8250.0
10-Mar-2016 00:00,11-Mar-2016 00:00,3.22310253129406,15.0,7466.0
11-Mar-2016 00:00,12-Mar-2016 00:00,3.06397819324347,17.0,7145.0
12-Mar-2016 00:00,13-Mar-2016 00:00,4.22959492860007,10.0,10160.0
13-Mar-2016 00:00,14-Mar-2016 00:00,1.58298612451303,2.0,2932.0
14-Mar-2016 00:00,15-Mar-2016 00:00,1.65493488302381,0.0,3815.0
15-Mar-2016 00:00,16-Mar-2016 00:00,3.34500479412167,7.0,7406.0
16-Mar-2016 00:00,17-Mar-2016 00:00,1.8409455765605,8.0,4508.0
17-Mar-2016 00:00,18-Mar-2016 00:00,3.77380354296449,23.0,8743.0
18-Mar-2016 00:00,19-Mar-2016 00:00,5.96782974677284,11.0,15666.0
19-Mar-2016 00:00,20-Mar-2016 00:00,4.07391573099658,18.0,9634.0
20-Mar-2016 00:00,21-Mar-2016 00:00,4.33870330812591,0.0,11069.0
21-Mar-2016 00:00,22-Mar-2016 00:00,1.52003561929092,3.0,3247.0
22-Mar-2016 00:00,23-Mar-2016 00:00,2.90247937912217,12.0,7038.0
23-Mar-2016 00:00,24-Mar-2016 00:00,3.19732000378995,26.0,7541.0
24-Mar-2016 00:00,25-Mar-2016 00:00,3.68862757405331,0.0,9503.0
25-Mar-2016 00:00,26-Mar-2016 00:00,2.76690298705064,10.0,6286.0
26-Mar-2016 00:00,27-Mar-2016 00:00,7.69896726624527,7.0,19890.0
27-Mar-2016 00:00,28-Mar-2016 00:00,4.3495391412712,15.0,11049.0
28-Mar-2016 00:00,29-Mar-2016 00:00,2.98338874232588,8.0,7425.0
29-Mar-2016 00:00,30-Mar-2016 00:00,3.4187244787197,19.0,8374.0
30-Mar-2016 00:00,31-Mar-2016 00:00,4.38662329244136,6.0,11628.0
31-Mar-2016 00:00,01-Apr-2016 00:00,2.92751595108389,13.0,7344.0
01-Apr-2016 00:00,02-Apr-2016 00:00,3.57325294907134,4.0,9073.0
02-Apr-2016 00:00,03-Apr-2016 00:00,3.37859086539292,1.0,9215.0
03-Apr-2016 00:00,04-Apr-2016 00:00,0.154194359267801,0.0,391.501708425492
04-Apr-2016 00:00,05-Apr-2016 00:00,3.20690653408194,5.0,8054.49829157451
05-Apr-2016 00:00,06-Apr-2016 00:00,0.221841851054805,3.0,579.0
06-Apr-2016 00:00,07-Apr-2016 00:00,3.72928956217064,13.0,9443.0
07-Apr-2016 00:00,08-Apr-2016 00:00,4.03847701725366,4.0,9082.0
08-Apr-2016 00:00,09-Apr-2016 00:00,3.06924265885963,1.0,7822.0
09-Apr-2016 00:00,10-Apr-2016 00:00,1.82114140867095,3.0,5035.0
10-Apr-2016 00:00,11-Apr-2016 00:00,4.96360180751595,1.0,13373.0
11-Apr-2016 00:00,12-Apr-2016 00:00,2.31652777070002,4.0,5951.0
12-Apr-2016 00:00,13-Apr-2016 00:00,2.33583535038204,0.0,6094.0
13-Apr-2016 00:00,14-Apr-2016 00:00,4.66392706905193,41.0,11067.0
14-Apr-2016 00:00,15-Apr-2016 00:00,3.2614033957796,29.0,8062.0
15-Apr-2016 00:00,16-Apr-2016 00:00,3.04276965411843,6.0,7263.0
16-Apr-2016 00:00,17-Apr-2016 00:00,2.51393271430988,6.0,6634.0
17-Apr-2016 00:00,18-Apr-2016 00:00,0.0970208979560183,0.0,236.0
18-Apr-2016 00:00,19-Apr-2016 00:00,1.60215455871566,5.0,3791.0
19-Apr-2016 00:00,20-Apr-2016 00:00,1.67939460705443,6.0,4064.0
20-Apr-2016 00:00,21-Apr-2016 00:00,4.51885701703334,20.0,10300.0
21-Apr-2016 00:00,22-Apr-2016 00:00,7.06112904205623,9.0,18129.0
22-Apr-2016 00:00,23-Apr-2016 00:00,1.84505396011138,7.0,5011.0
23-Apr-2016 00:00,24-Apr-2016 00:00,1.89702059271,0.0,4558.0
24-Apr-2016 00:00,25-Apr-2016 00:00,2.99316724940887,15.0,7342.0
25-Apr-2016 00:00,26-Apr-2016 00:00,1.72644344119303,1.0,4541.0
26-Apr-2016 00:00,27-Apr-2016 00:00,3.3886317222638,15.0,7690.0
27-Apr-2016 00:00,28-Apr-2016 00:00,1.49056919437303,14.0,3758.0
28-Apr-2016 00:00,29-Apr-2016 00:00,4.65567850739615,27.0,11694.0
29-Apr-2016 00:00,30-Apr-2016 00:00,2.93649877273255,15.0,7374.0
30-Apr-2016 00:00,01-May-2016 00:00,2.06987755240609,34.0,4980.90254027801
01-May-2016 00:00,02-May-2016 00:00,1.3216256710606,18.0,3452.09745972199
02-May-2016 00:00,03-May-2016 00:00,2.19299265555384,10.0,5846.0
03-May-2016 00:00,04-May-2016 00:00,3.93376205172444,13.0,10098.0
04-May-2016 00:00,05-May-2016 00:00,5.01561590949906,11.0,12860.0
05-May-2016 00:00,06-May-2016 00:00,4.11740635293585,40.0,10426.0
06-May-2016 00:00,07-May-2016 00:00,1.81483928526471,9.0,4846.0
07-May-2016 00:00,08-May-2016 00:00,1.93934344749677,46.0,4809.42393776394
08-May-2016 00:00,09-May-2016 00:00,3.80169800077444,2.0,9377.13782508508
09-May-2016 00:00,10-May-2016 00:00,2.89587093425956,4.0,6878.43823715098
10-May-2016 00:00,11-May-2016 00:00,3.30629975313189,1.0,8255.0
11-May-2016 00:00,12-May-2016 00:00,7.64954491774474,6.0,18655.0
12-May-2016 00:00,13-May-2016 00:00,4.13334844300034,4.0,8630.0
13-May-2016 00:00,14-May-2016 00:00,2.66681606984919,3.0,6443.0
14-May-2016 00:00,15-May-2016 00:00,6.27314011746466,4.0,15238.8562897621
15-May-2016 00:00,16-May-2016 00:00,7.17043825406606,6.0,18021.1437102379
16-May-2016 00:00,17-May-2016 00:00,3.22251259232725,5.0,8111.0
17-May-2016 00:00,18-May-2016 00:00,1.96674538370275,4.0,5078.0
18-May-2016 00:00,19-May-2016 00:00,2.48564733030984,0.0,6612.0
19-May-2016 00:00,20-May-2016 00:00,1.89716771681162,14.0,5005.0
20-May-2016 00:00,21-May-2016 00:00,1.95932258577504,3.0,5119.0
21-May-2016 00:00,22-May-2016 00:00,4.37845411972785,0.0,10844.0
22-May-2016 00:00,23-May-2016 00:00,4.53657928288697,5.0,9197.0
23-May-2016 00:00,24-May-2016 00:00,3.84844990280483,22.0,9044.0
24-May-2016 00:00,25-May-2016 00:00,3.59870228435883,15.0,8482.0
25-May-2016 00:00,26-May-2016 00:00,2.70238554499792,8.0,6617.0
26-May-2016 00:00,27-May-2016 00:00,3.78274528396908,13.0,9479.0
27-May-2016 00:00,28-May-2016 00:00,3.84130619233421,13.0,8161.0
28-May-2016 00:00,29-May-2016 00:00,1.94315710586669,0.0,5304.0
29-May-2016 00:00,30-May-2016 00:00,0.165804215984761,0.0,392.0
30-May-2016 00:00,31-May-2016 00:00,1.09708745414928,3.0,2739.0
31-May-2016 00:00,01-Jun-2016 00:00,4.58014588008687,31.0,10811.0
01-Jun-2016 00:00,02-Jun-2016 00:00,1.57005018098458,6.0,3894.0
02-Jun-2016 00:00,03-Jun-2016 00:00,3.7127785737409,7.0,9911.0
03-Jun-2016 00:00,04-Jun-2016 00:00,3.76146357144976,22.0,9536.0
04-Jun-2016 00:00,05-Jun-2016 00:00,3.20154748025992,5.0,7465.0
05-Jun-2016 00:00,06-Jun-2016 00:00,1.36879087996483,0.0,3662.0
06-Jun-2016 00:00,07-Jun-2016 00:00,2.65285481556858,5.0,6428.0
07-Jun-2016 00:00,08-Jun-2016 00:00,3.67820446402913,18.0,9138.66293216466
08-Jun-2016 00:00,09-Jun-2016 00:00,9.05983635745791,23.0,23397.3370678353
09-Jun-2016 00:00,10-Jun-2016 00:00,7.28148778503139,3.0,18028.3578491471
10-Jun-2016 00:00,11-Jun-2016 00:00,10.6357400095015,3.0,26962.6421508529
11-Jun-2016 00:00,12-Jun-2016 00:00,10.1131991350288,19.0,25429.9444505506
12-Jun-2016 00:00,13-Jun-2016 00:00,5.52825497285142,16.0,15019.0555494494
13-Jun-2016 00:00,14-Jun-2016 00:00,1.02210120804147,6.0,2529.0
14-Jun-2016 00:00,15-Jun-2016 00:00,1.95414505470496,9.0,4721.0
15-Jun-2016 00:00,16-Jun-2016 00:00,3.03085188460573,28.0,7600.0
16-Jun-2016 00:00,17-Jun-2016 00:00,0.400546252450419,0.0,1057.0
17-Jun-2016 00:00,18-Jun-2016 00:00,3.11416905108775,0.0,8108.0
18-Jun-2016 00:00,19-Jun-2016 00:00,1.49193385989483,14.0,3777.97577196821
19-Jun-2016 00:00,20-Jun-2016 00:00,3.06433014755317,3.0,8065.02422803179
20-Jun-2016 00:00,21-Jun-2016 00:00,2.93480611970665,7.0,7594.0
21-Jun-2016 00:00,22-Jun-2016 00:00,3.4790192758129,15.0,8772.0
22-Jun-2016 00:00,23-Jun-2016 00:00,0.701794420424684,0.0,1674.0
23-Jun-2016 00:00,24-Jun-2016 00:00,2.97336861289553,16.0,7574.0
24-Jun-2016 00:00,25-Jun-2016 00:00,3.63712048924405,6.0,9851.0
25-Jun-2016 00:00,26-Jun-2016 00:00,2.79344500748588,12.0,7198.0
26-Jun-2016 00:00,27-Jun-2016 00:00,2.15053685479449,6.0,5364.0
27-Jun-2016 00:00,28-Jun-2016 00:00,1.27935337644009,8.0,3045.0
28-Jun-2016 00:00,29-Jun-2016 00:00,3.40367620345883,31.0,8663.0
29-Jun-2016 00:00,30-Jun-2016 00:00,2.22951568282132,11.0,5750.0
30-Jun-2016 00:00,01-Jul-2016 00:00,1.45535191506918,2.0,3734.0
01-Jul-2016 00:00,02-Jul-2016 00:00,2.62607781257357,0.0,6220.0
02-Jul-2016 00:00,03-Jul-2016 00:00,1.89014305324701,3.0,4744.0
03-Jul-2016 00:00,04-Jul-2016 00:00,1.77429715669648,24.0,4389.0
04-Jul-2016 00:00,05-Jul-2016 00:00,2.33334878507956,3.0,5837.0
05-Jul-2016 00:00,06-Jul-2016 00:00,1.58641848867364,8.0,3987.7247132791
06-Jul-2016 00:00,07-Jul-2016 00:00,3.28965021300097,34.0,8006.2752867209
07-Jul-2016 00:00,08-Jul-2016 00:00,3.94538071659838,0.0,8325.0
08-Jul-2016 00:00,09-Jul-2016 00:00,1.79223881949103,9.0,4721.0
09-Jul-2016 00:00,10-Jul-2016 00:00,4.36697078478594,10.0,10345.0
10-Jul-2016 00:00,11-Jul-2016 00:00,4.7842547635089,4.0,10071.0
11-Jul-2016 00:00,12-Jul-2016 00:00,3.00073982614249,24.0,6754.0
12-Jul-2016 00:00,13-Jul-2016 00:00,2.45515538130196,13.0,6088.0
13-Jul-2016 00:00,14-Jul-2016 00:00,2.58956794899806,26.0,6516.0
14-Jul-2016 00:00,15-Jul-2016 00:00,2.99318540314244,6.0,7818.0
15-Jul-2016 00:00,16-Jul-2016 00:00,3.90160767868347,0.0,10242.0
16-Jul-2016 00:00,17-Jul-2016 00:00,5.45244222347251,6.0,13883.0
17-Jul-2016 00:00,18-Jul-2016 00:00,4.88673645908155,4.0,10132.0
18-Jul-2016 00:00,19-Jul-2016 00:00,4.23505741431091,8.0,9265.0
19-Jul-2016 00:00,20-Jul-2016 00:00,2.52310074292433,16.0,5553.0
20-Jul-2016 00:00,21-Jul-2016 00:00,1.0874942139848,6.0,2809.0
21-Jul-2016 00:00,22-Jul-2016 00:00,2.49233650745227,4.0,5380.0
22-Jul-2016 00:00,23-Jul-2016 00:00,3.28363954472486,1.0,8472.0
23-Jul-2016 00:00,24-Jul-2016 00:00,4.31320494272484,1.0,9991.0
24-Jul-2016 00:00,25-Jul-2016 00:00,1.91393657053534,3.0,3846.0
25-Jul-2016 00:00,26-Jul-2016 00:00,1.19581461892242,4.0,2539.0
26-Jul-2016 00:00,27-Jul-2016 00:00,2.20553321603201,3.0,5475.0
27-Jul-2016 00:00,28-Jul-2016 00:00,3.13811640695801,24.0,7866.0
28-Jul-2016 00:00,29-Jul-2016 00:00,2.72115564205102,3.0,7264.0
29-Jul-2016 00:00,30-Jul-2016 00:00,2.68939164213151,8.0,6532.0
30-Jul-2016 00:00,31-Jul-2016 00:00,3.22405418086331,1.0,7808.0
31-Jul-2016 00:00,01-Aug-2016 00:00,0.0169137238525382,0.0,36.0
01-Aug-2016 00:00,02-Aug-2016 00:00,5.82807413378675,36.0,14987.0
02-Aug-2016 00:00,03-Aug-2016 00:00,1.20497059748685,6.0,2665.0
03-Aug-2016 00:00,04-Aug-2016 00:00,3.15463189807647,18.0,7249.0
04-Aug-2016 00:00,05-Aug-2016 00:00,0.892901258788186,1.0,2305.0
05-Aug-2016 00:00,06-Aug-2016 00:00,2.06205446417168,1.0,5361.0
06-Aug-2016 00:00,07-Aug-2016 00:00,4.51344745875679,2.0,12125.0
07-Aug-2016 00:00,08-Aug-2016 00:00,3.52988528793327,5.0,9369.0
08-Aug-2016 00:00,09-Aug-2016 00:00,1.09501249350626,8.0,2625.0
09-Aug-2016 00:00,10-Aug-2016 00:00,2.28018465341844,9.0,5476.0
10-Aug-2016 00:00,11-Aug-2016 00:00,3.53036448508591,10.0,9254.0
11-Aug-2016 00:00,12-Aug-2016 00:00,2.77090569394182,0.0,7253.0
12-Aug-2016 00:00,13-Aug-2016 00:00,2.16157476435942,3.0,5447.0
13-Aug-2016 00:00,14-Aug-2016 00:00,4.2929689389246,7.0,8425.0
14-Aug-2016 00:00,15-Aug-2016 00:00,1.87666026774899,4.0,4125.0
15-Aug-2016 00:00,16-Aug-2016 00:00,1.27086737224631,7.0,2902.0
16-Aug-2016 00:00,17-Aug-2016 00:00,5.09933794710288,13.0,11452.0
17-Aug-2016 00:00,18-Aug-2016 00:00,2.34566080266953,20.0,6018.0
18-Aug-2016 00:00,19-Aug-2016 00:00,2.32076559227588,4.0,6183.0
19-Aug-2016 00:00,20-Aug-2016 00:00,3.31139328339255,4.0,8507.0
20-Aug-2016 00:00,21-Aug-2016 00:00,1.82314095208045,0.0,4754.0
21-Aug-2016 00:00,22-Aug-2016 00:00,2.40646148907288,0.0,6845.0
22-Aug-2016 00:00,23-Aug-2016 00:00,0.883371402670143,2.0,2071.0
23-Aug-2016 00:00,24-Aug-2016 00:00,4.39751557474705,4.0,10270.0
24-Aug-2016 00:00,25-Aug-2016 00:00,3.5195252281234,20.0,7820.0
25-Aug-2016 00:00,26-Aug-2016 00:00,6.35933138613014,3.0,14885.0
26-Aug-2016 00:00,27-Aug-2016 00:00,4.87424650033421,6.0,11046.0
27-Aug-2016 00:00,28-Aug-2016 00:00,4.86180061888527,4.0,11079.0
28-Aug-2016 00:00,29-Aug-2016 00:00,2.45982907024485,2.0,5333.0
29-Aug-2016 00:00,30-Aug-2016 00:00,2.55774934487543,13.0,6338.0
30-Aug-2016 00:00,31-Aug-2016 00:00,3.46944203006464,12.0,8532.0
31-Aug-2016 00:00,01-Sep-2016 00:00,2.39981923153368,3.0,6033.0
01-Sep-2016 00:00,02-Sep-2016 00:00,4.17210267650287,7.0,10781.0
02-Sep-2016 00:00,03-Sep-2016 00:00,2.61933262164448,12.0,5503.0
03-Sep-2016 00:00,04-Sep-2016 00:00,3.30143974026765,9.0,6764.0
04-Sep-2016 00:00,05-Sep-2016 00:00,2.90344966548857,3.0,5942.0
05-Sep-2016 00:00,06-Sep-2016 00:00,2.65214148753181,5.0,6728.0
06-Sep-2016 00:00,07-Sep-2016 00:00,2.69067819857205,9.0,6702.0
07-Sep-2016 00:00,08-Sep-2016 00:00,2.67728311974891,29.0,6629.0
08-Sep-2016 00:00,09-Sep-2016 00:00,3.58253886111914,4.0,8584.0
09-Sep-2016 00:00,10-Sep-2016 00:00,1.63470266177941,3.0,4115.0
10-Sep-2016 00:00,11-Sep-2016 00:00,2.70992351245601,0.0,7409.0
11-Sep-2016 00:00,12-Sep-2016 00:00,3.37959324647537,21.0,8595.0
12-Sep-2016 00:00,13-Sep-2016 00:00,7.10085074397911,33.0,15855.0
13-Sep-2016 00:00,14-Sep-2016 00:00,3.8455073667851,16.0,9333.0
14-Sep-2016 00:00,15-Sep-2016 00:00,3.58182711095968,8.0,8877.0
15-Sep-2016 00:00,16-Sep-2016 00:00,2.85500767131597,20.0,8303.0
16-Sep-2016 00:00,17-Sep-2016 00:00,4.72847905623972,27.0,12808.0
17-Sep-2016 00:00,18-Sep-2016 00:00,4.27767536781946,1.0,12281.0
18-Sep-2016 00:00,19-Sep-2016 00:00,1.03525222055098,3.0,2735.0
19-Sep-2016 00:00,20-Sep-2016 00:00,2.7700197705097,27.0,7831.0
20-Sep-2016 00:00,21-Sep-2016 00:00,2.02901272142335,9.0,5099.0
21-Sep-2016 00:00,22-Sep-2016 00:00,3.6143888882856,17.0,10157.0
22-Sep-2016 00:00,23-Sep-2016 00:00,5.62992031193737,9.0,14687.0
23-Sep-2016 00:00,24-Sep-2016 00:00,3.02641084473915,1.0,7847.0
24-Sep-2016 00:00,25-Sep-2016 00:00,4.04938938197174,3.0,11054.0
25-Sep-2016 00:00,26-Sep-2016 00:00,4.87209091548831,0.0,13982.0
26-Sep-2016 00:00,27-Sep-2016 00:00,1.38764311715613,7.0,4024.0
27-Sep-2016 00:00,28-Sep-2016 00:00,3.48014011516001,30.0,9452.0
28-Sep-2016 00:00,29-Sep-2016 00:00,5.15510400202233,0.0,14110.0
29-Sep-2016 00:00,30-Sep-2016 00:00,3.07708137056137,14.0,8228.0
30-Sep-2016 00:00,01-Oct-2016 00:00,3.53054081088173,16.0,9093.0
01-Oct-2016 00:00,02-Oct-2016 00:00,0.936256765113842,15.0,2794.0
02-Oct-2016 00:00,03-Oct-2016 00:00,3.05102180630015,19.0,8557.0
03-Oct-2016 00:00,04-Oct-2016 00:00,2.6784237245873,6.0,7187.0
04-Oct-2016 00:00,05-Oct-2016 00:00,1.70029585611588,5.0,3719.0
05-Oct-2016 00:00,06-Oct-2016 00:00,2.94480307136337,10.0,8353.0
06-Oct-2016 00:00,07-Oct-2016 00:00,4.83151220323738,27.0,13522.0
07-Oct-2016 00:00,08-Oct-2016 00:00,3.22501232573774,16.0,9058.0
08-Oct-2016 00:00,09-Oct-2016 00:00,1.20448766908043,6.0,3393.0
09-Oct-2016 00:00,10-Oct-2016 00:00,1.0555664571344,7.0,2669.0
10-Oct-2016 00:00,11-Oct-2016 00:00,1.48925842780292,6.0,4348.16332363285
11-Oct-2016 00:00,12-Oct-2016 00:00,3.41297244295166,36.0,9068.83667636715
12-Oct-2016 00:00,13-Oct-2016 00:00,2.88905221650328,13.0,7801.0
13-Oct-2016 00:00,14-Oct-2016 00:00,3.02996142299456,4.0,7714.0
14-Oct-2016 00:00,15-Oct-2016 00:00,4.59680809292864,17.0,12698.2014234406
15-Oct-2016 00:00,16-Oct-2016 00:00,3.66919031982721,1.0,10117.7985765594
16-Oct-2016 00:00,17-Oct-2016 00:00,1.33180506529756,0.0,4007.0
17-Oct-2016 00:00,18-Oct-2016 00:00,1.45393723655142,3.0,3606.0
18-Oct-2016 00:00,19-Oct-2016 00:00,2.56770852002757,32.0,6458.0
19-Oct-2016 00:00,20-Oct-2016 00:00,3.62894120773162,11.0,10301.9333188309
20-Oct-2016 00:00,21-Oct-2016 00:00,3.79891776756408,26.0,11361.0666811691
21-Oct-2016 00:00,22-Oct-2016 00:00,2.61577940437413,2.0,6268.0
22-Oct-2016 00:00,23-Oct-2016 00:00,2.75336495477127,0.0,7530.0
23-Oct-2016 00:00,24-Oct-2016 00:00,0.981677341690979,4.0,2268.0
24-Oct-2016 00:00,25-Oct-2016 00:00,2.25618621408999,8.0,5532.0
25-Oct-2016 00:00,26-Oct-2016 00:00,2.4077411607194,28.0,6135.0
26-Oct-2016 00:00,27-Oct-2016 00:00,2.01600492324986,1.0,5044.0
27-Oct-2016 00:00,28-Oct-2016 00:00,1.46024480871388,10.0,4217.0
28-Oct-2016 00:00,29-Oct-2016 00:00,4.6069367102141,9.0,12545.0
29-Oct-2016 00:00,30-Oct-2016 00:00,3.14924521710422,24.0,9191.0
30-Oct-2016 00:00,31-Oct-2016 00:00,2.12935598900717,0.0,5992.0
31-Oct-2016 00:00,01-Nov-2016 00:00,1.85825080323266,5.0,5036.0
01-Nov-2016 00:00,02-Nov-2016 00:00,3.11272841447317,39.0,8138.0
02-Nov-2016 00:00,03-Nov-2016 00:00,1.70282734270642,9.0,3958.0
03-Nov-2016 00:00,04-Nov-2016 00:00,3.16012684875835,3.0,7478.0
04-Nov-2016 00:00,05-Nov-2016 00:00,1.47726013212942,13.0,3655.0
05-Nov-2016 00:00,06-Nov-2016 00:00,4.44140930855355,20.0,11524.0
06-Nov-2016 00:00,07-Nov-2016 00:00,2.4352020991295,0.0,6095.0
07-Nov-2016 00:00,08-Nov-2016 00:00,2.61496311012203,16.0,6384.0
08-Nov-2016 00:00,09-Nov-2016 00:00,3.0190787204101,30.0,7739.0
09-Nov-2016 00:00,10-Nov-2016 00:00,0.53535792160927,4.0,1514.0
10-Nov-2016 00:00,11-Nov-2016 00:00,2.4629319312707,0.0,5966.0
11-Nov-2016 00:00,12-Nov-2016 00:00,2.44200534496491,1.0,6094.0
12-Nov-2016 00:00,13-Nov-2016 00:00,4.3141610516523,12.0,10366.0
13-Nov-2016 00:00,14-Nov-2016 00:00,3.56817996736236,17.0,9047.0
14-Nov-2016 00:00,15-Nov-2016 00:00,2.25491676633086,14.0,5884.0
15-Nov-2016 00:00,16-Nov-2016 00:00,0.820610133112955,4.0,2131.0
16-Nov-2016 00:00,17-Nov-2016 00:00,1.18383396979815,3.0,3109.0
17-Nov-2016 00:00,18-Nov-2016 00:00,1.61502759924681,2.0,4592.0
18-Nov-2016 00:00,19-Nov-2016 00:00,1.99944118628972,11.0,5621.0
19-Nov-2016 00:00,20-Nov-2016 00:00,2.95107100490012,3.0,7540.0
20-Nov-2016 00:00,21-Nov-2016 00:00,3.87823052656298,6.0,11106.0
21-Nov-2016 00:00,22-Nov-2016 00:00,0.965760394287136,4.0,2520.0
22-Nov-2016 00:00,23-Nov-2016 00:00,3.24150414638398,22.0,8059.0
23-Nov-2016 00:00,24-Nov-2016 00:00,2.0921760384217,9.0,5252.0
24-Nov-2016 00:00,25-Nov-2016 00:00,2.54607975917248,2.0,7183.0
25-Nov-2016 00:00,26-Nov-2016 00:00,3.51178724861852,0.0,10103.0
26-Nov-2016 00:00,27-Nov-2016 00:00,2.9528134647948,5.0,8300.0
27-Nov-2016 00:00,28-Nov-2016 00:00,0.901434735798142,0.0,2287.0
28-Nov-2016 00:00,29-Nov-2016 00:00,1.98704310789127,4.0,5724.0
29-Nov-2016 00:00,30-Nov-2016 00:00,3.47533235337445,38.0,9502.0
30-Nov-2016 00:00,01-Dec-2016 00:00,2.8936407821419,20.0,7635.0
01-Dec-2016 00:00,02-Dec-2016 00:00,2.38367196502864,15.0,6692.0
02-Dec-2016 00:00,03-Dec-2016 00:00,2.57017607007212,2.0,7229.37684763838
03-Dec-2016 00:00,04-Dec-2016 00:00,2.44552294415412,3.0,6512.62315236162
04-Dec-2016 00:00,05-Dec-2016 00:00,2.30697116909812,2.0,6099.0
05-Dec-2016 00:00,06-Dec-2016 00:00,1.11477161056959,6.0,3245.0
06-Dec-2016 00:00,07-Dec-2016 00:00,2.31241600963231,32.0,6391.0
07-Dec-2016 00:00,08-Dec-2016 00:00,0.876647641940823,1.0,2474.0
08-Dec-2016 00:00,09-Dec-2016 00:00,0.782175883372866,2.0,2260.0
09-Dec-2016 00:00,10-Dec-2016 00:00,3.97393820984012,10.0,11737.0
10-Dec-2016 00:00,11-Dec-2016 00:00,1.68263254094294,1.0,5104.0
11-Dec-2016 00:00,12-Dec-2016 00:00,2.18335867094454,0.0,5823.0
12-Dec-2016 00:00,13-Dec-2016 00:00,0.601161980101259,0.0,1641.0
13-Dec-2016 00:00,14-Dec-2016 00:00,3.1589427119674,27.0,8380.0
14-Dec-2016 00:00,15-Dec-2016 00:00,0.919428251289392,4.0,2383.0
15-Dec-2016 00:00,16-Dec-2016 00:00,0.972355156493348,3.0,2691.0
16-Dec-2016 00:00,17-Dec-2016 00:00,0.811024753793149,0.0,2378.0
17-Dec-2016 00:00,18-Dec-2016 00:00,2.92080029768019,9.0,7875.0
18-Dec-2016 00:00,19-Dec-2016 00:00,0.32875793851759,3.0,1116.0
19-Dec-2016 00:00,20-Dec-2016 00:00,2.79592820885297,12.0,7586.0
20-Dec-2016 00:00,21-Dec-2016 00:00,3.12063907696931,22.0,8136.0
21-Dec-2016 00:00,22-Dec-2016 00:00,2.55160993565894,16.0,6736.0
22-Dec-2016 00:00,23-Dec-2016 00:00,1.99557598637949,5.0,5323.0
23-Dec-2016 00:00,24-Dec-2016 00:00,1.88224451241151,26.0,5017.50654835852
24-Dec-2016 00:00,25-Dec-2016 00:00,1.73562849597767,10.0,5037.49345164148
25-Dec-2016 00:00,26-Dec-2016 00:00,0.935858553898148,6.0,2953.2040458258
26-Dec-2016 00:00,27-Dec-2016 00:00,0.327449499053404,2.0,1073.7959541742
27-Dec-2016 00:00,28-Dec-2016 00:00,1.06742884133263,0.0,3123.0
28-Dec-2016 00:00,29-Dec-2016 00:00,1.34053531685295,0.0,3879.95591364768
29-Dec-2016 00:00,30-Dec-2016 00:00,2.75918242286541,4.0,7735.04408635232
30-Dec-2016 00:00,31-Dec-2016 00:00,1.59212583051862,3.0,4149.0
31-Dec-2016 00:00,01-Jan-2017 00:00,1.55394075154042,5.0,4462.0
01-Jan-2017 00:00,02-Jan-2017 00:00,3.95795847085609,12.0,10683.0
02-Jan-2017 00:00,03-Jan-2017 00:00,0.757130678479328,3.0,1911.0
03-Jan-2017 00:00,04-Jan-2017 00:00,3.41389346130002,21.0,8735.0
04-Jan-2017 00:00,05-Jan-2017 00:00,0.376699738972806,0.0,1152.0
05-Jan-2017 00:00,06-Jan-2017 00:00,0.970731992217081,3.0,2312.0
06-Jan-2017 00:00,07-Jan-2017 00:00,2.51735638871185,4.0,6847.0
07-Jan-2017 00:00,08-Jan-2017 00:00,2.28269690442049,2.0,6591.59905168756
08-Jan-2017 00:00,09-Jan-2017 00:00,1.82725823702786,3.0,5037.40094831244
09-Jan-2017 00:00,10-Jan-2017 00:00,2.24213978030177,11.0,5417.09198751782
10-Jan-2017 00:00,11-Jan-2017 00:00,2.82194274891093,24.0,7297.90801248218
11-Jan-2017 00:00,12-Jan-2017 00:00,0.701647230088292,3.0,1851.0
12-Jan-2017 00:00,13-Jan-2017 00:00,1.43309972078757,0.0,4132.0
13-Jan-2017 00:00,14-Jan-2017 00:00,1.72723842523558,3.0,4689.0
14-Jan-2017 00:00,15-Jan-2017 00:00,0.269083878132057,2.0,819.0
15-Jan-2017 00:00,16-Jan-2017 00:00,1.5354823125479,0.0,4280.0
16-Jan-2017 00:00,17-Jan-2017 00:00,1.44372972204415,3.0,3620.0
17-Jan-2017 00:00,18-Jan-2017 00:00,2.73374386915708,20.0,6872.0
18-Jan-2017 00:00,19-Jan-2017 00:00,0.762325453823875,3.0,2024.0
19-Jan-2017 00:00,20-Jan-2017 00:00,0.712829550844064,3.0,1993.0
20-Jan-2017 00:00,21-Jan-2017 00:00,1.67144755442689,10.0,4570.37882730208
21-Jan-2017 00:00,22-Jan-2017 00:00,0.233986786401295,1.0,859.621172697921
22-Jan-2017 00:00,23-Jan-2017 00:00,0.106938989092321,0.0,290.0
23-Jan-2017 00:00,24-Jan-2017 00:00,1.29649898343016,2.0,3475.0
24-Jan-2017 00:00,25-Jan-2017 00:00,3.07297102878195,23.0,8218.0
25-Jan-2017 00:00,26-Jan-2017 00:00,0.906097726183296,4.0,2726.2810313872
26-Jan-2017 00:00,27-Jan-2017 00:00,1.66190072024155,2.0,4485.7189686128
27-Jan-2017 00:00,28-Jan-2017 00:00,1.46633019126051,0.0,3987.0
28-Jan-2017 00:00,29-Jan-2017 00:00,3.17729560660137,15.0,9269.7649879023
29-Jan-2017 00:00,30-Jan-2017 00:00,0.816869897435036,13.0,2539.2350120977
30-Jan-2017 00:00,31-Jan-2017 00:00,2.18296067642647,5.0,6053.0
31-Jan-2017 00:00,01-Feb-2017 00:00,1.7914912672819,3.0,4967.0
01-Feb-2017 00:00,02-Feb-2017 00:00,1.74598964072121,22.0,4634.0
02-Feb-2017 00:00,03-Feb-2017 00:00,4.45144516823679,0.0,10515.0
03-Feb-2017 00:00,04-Feb-2017 00:00,2.07220751062877,10.0,5629.0
04-Feb-2017 00:00,05-Feb-2017 00:00,3.64637892535405,6.0,9322.0
05-Feb-2017 00:00,06-Feb-2017 00:00,2.87501345033685,5.0,8255.0
06-Feb-2017 00:00,07-Feb-2017 00:00,1.7808687836662,4.0,4974.0
07-Feb-2017 00:00,08-Feb-2017 00:00,0.588737637186778,7.0,1842.0
08-Feb-2017 00:00,09-Feb-2017 00:00,2.54297438889205,24.0,7185.0
09-Feb-2017 00:00,10-Feb-2017 00:00,1.54661171346043,0.0,4524.0
10-Feb-2017 00:00,11-Feb-2017 00:00,4.64406406815395,7.0,12688.0
11-Feb-2017 00:00,12-Feb-2017 00:00,3.23734484530411,3.0,9075.0
12-Feb-2017 00:00,13-Feb-2017 00:00,2.34021049107094,0.0,6687.0
13-Feb-2017 00:00,14-Feb-2017 00:00,2.20033276833777,14.0,6055.0
14-Feb-2017 00:00,15-Feb-2017 00:00,2.92864467991769,5.0,7992.0
15-Feb-2017 00:00,16-Feb-2017 00:00,2.25499246685277,17.0,6124.0
16-Feb-2017 00:00,17-Feb-2017 00:00,0.94158358790865,4.0,2704.88359629035
17-Feb-2017 00:00,18-Feb-2017 00:00,1.37757665012799,0.0,3875.11640370965
18-Feb-2017 00:00,19-Feb-2017 00:00,1.72427282905748,0.0,4959.0
19-Feb-2017 00:00,20-Feb-2017 00:00,1.36225832623269,2.0,4077.0
20-Feb-2017 00:00,21-Feb-2017 00:00,1.26785515452403,5.0,3829.0
21-Feb-2017 00:00,22-Feb-2017 00:00,2.39301808624461,25.0,6197.0
22-Feb-2017 00:00,23-Feb-2017 00:00,1.01433372801367,7.0,2820.0
23-Feb-2017 00:00,24-Feb-2017 00:00,2.43904057654403,16.0,6981.0
24-Feb-2017 00:00,25-Feb-2017 00:00,3.58475406410705,28.0,9881.0
25-Feb-2017 00:00,26-Feb-2017 00:00,1.56778217911616,8.0,4372.0
26-Feb-2017 00:00,27-Feb-2017 00:00,1.72574589088024,0.0,4996.0
27-Feb-2017 00:00,28-Feb-2017 00:00,1.10267703721567,7.0,3166.0
28-Feb-2017 00:00,01-Mar-2017 00:00,2.65566404782674,16.0,6920.0
01-Mar-2017 00:00,02-Mar-2017 00:00,2.04923177071372,9.0,5752.0
02-Mar-2017 00:00,03-Mar-2017 00:00,1.23383448444517,1.0,3772.0
03-Mar-2017 00:00,04-Mar-2017 00:00,3.90462007186437,4.0,11481.0
04-Mar-2017 00:00,05-Mar-2017 00:00,3.18615429900137,7.0,9520.0
05-Mar-2017 00:00,06-Mar-2017 00:00,3.2839702038333,5.0,8794.0
06-Mar-2017 00:00,07-Mar-2017 00:00,1.304782917778,0.0,2653.0
07-Mar-2017 00:00,08-Mar-2017 00:00,2.37110574484602,3.0,6266.0
08-Mar-2017 00:00,09-Mar-2017 00:00,2.51988999207886,19.0,7045.0
09-Mar-2017 00:00,10-Mar-2017 00:00,1.50099680150385,3.0,4194.0
10-Mar-2017 00:00,11-Mar-2017 00:00,4.3941323382622,8.0,12059.0
11-Mar-2017 00:00,12-Mar-2017 00:00,0.6251772914035,9.0,1788.0
12-Mar-2017 00:00,13-Mar-2017 00:00,2.46956901841506,10.0,7007.0
13-Mar-2017 00:00,14-Mar-2017 00:00,1.44808915101699,7.0,4632.0
14-Mar-2017 00:00,15-Mar-2017 00:00,1.99273347125235,14.0,6095.0
15-Mar-2017 00:00,16-Mar-2017 00:00,1.91175978284728,8.0,5519.0
16-Mar-2017 00:00,17-Mar-2017 00:00,4.89002159713685,30.0,13662.0
17-Mar-2017 00:00,18-Mar-2017 00:00,1.03254031529349,11.0,2965.0
18-Mar-2017 00:00,19-Mar-2017 00:00,0.36818523482151,0.0,1143.0
19-Mar-2017 00:00,20-Mar-2017 00:00,2.9387668601431,8.0,8066.0
20-Mar-2017 00:00,21-Mar-2017 00:00,1.38774613733901,7.0,4091.0
21-Mar-2017 00:00,22-Mar-2017 00:00,2.78470253886794,10.0,7401.0
22-Mar-2017 00:00,23-Mar-2017 00:00,3.31313290040167,19.0,9106.0
23-Mar-2017 00:00,24-Mar-2017 00:00,2.4852366433999,4.0,7750.0
24-Mar-2017 00:00,25-Mar-2017 00:00,1.8758702868833,1.0,5086.0
25-Mar-2017 00:00,26-Mar-2017 00:00,3.31087717481794,22.0,9864.0
26-Mar-2017 00:00,27-Mar-2017 00:00,1.66805466353012,0.0,4710.0
27-Mar-2017 00:00,28-Mar-2017 00:00,2.84143812377248,12.0,7917.0
28-Mar-2017 00:00,29-Mar-2017 00:00,2.6010301624522,4.0,7036.0
29-Mar-2017 00:00,30-Mar-2017 00:00,3.30340857216323,32.0,9404.89599041401
30-Mar-2017 00:00,31-Mar-2017 00:00,2.04349478643351,1.0,6359.10400958599
31-Mar-2017 00:00,01-Apr-2017 00:00,3.51005732899622,9.0,9964.0
01-Apr-2017 00:00,02-Apr-2017 00:00,2.04576353707564,3.0,5902.0
02-Apr-2017 00:00,03-Apr-2017 00:00,1.22584721351429,9.0,3757.0
03-Apr-2017 00:00,04-Apr-2017 00:00,1.49680925539755,8.0,4515.0
04-Apr-2017 00:00,05-Apr-2017 00:00,3.08819134016076,9.0,8704.0
05-Apr-2017 00:00,06-Apr-2017 00:00,2.36144905348601,33.0,6461.0
06-Apr-2017 00:00,07-Apr-2017 00:00,1.52059864028772,0.0,4789.0
07-Apr-2017 00:00,08-Apr-2017 00:00,3.15038141831929,6.0,9243.0
08-Apr-2017 00:00,09-Apr-2017 00:00,1.58422460374768,3.0,5034.0
09-Apr-2017 00:00,10-Apr-2017 00:00,2.14108705927733,3.0,6419.0
10-Apr-2017 00:00,11-Apr-2017 00:00,3.19111250856949,10.0,8554.0
11-Apr-2017 00:00,12-Apr-2017 00:00,2.43553882061785,26.0,6377.0
12-Apr-2017 00:00,13-Apr-2017 00:00,1.02421545968979,1.0,2485.0
13-Apr-2017 00:00,14-Apr-2017 00:00,2.44334936366901,11.0,7065.0
14-Apr-2017 00:00,15-Apr-2017 00:00,2.32899669764344,0.0,6486.0
15-Apr-2017 00:00,16-Apr-2017 00:00,0.62302763835048,6.0,2027.0
16-Apr-2017 00:00,17-Apr-2017 00:00,0.373830398062964,4.0,1474.0
17-Apr-2017 00:00,18-Apr-2017 00:00,0.618798995199259,4.0,1944.0
18-Apr-2017 00:00,19-Apr-2017 00:00,2.14256861945822,27.0,5999.0
19-Apr-2017 00:00,20-Apr-2017 00:00,0.882430155697342,3.0,2455.22732626505
20-Apr-2017 00:00,21-Apr-2017 00:00,1.36994342943617,0.0,4455.77267373495
21-Apr-2017 00:00,22-Apr-2017 00:00,1.64891631808233,0.0,5020.0
22-Apr-2017 00:00,23-Apr-2017 00:00,3.05036204897699,4.0,8945.0
23-Apr-2017 00:00,24-Apr-2017 00:00,1.04012928118559,5.0,3134.0
24-Apr-2017 00:00,25-Apr-2017 00:00,2.7666881097129,13.0,6839.0
25-Apr-2017 00:00,26-Apr-2017 00:00,5.90546443022114,23.0,13330.0
26-Apr-2017 00:00,27-Apr-2017 00:00,2.35343818390297,38.0,5667.0
27-Apr-2017 00:00,28-Apr-2017 00:00,2.51491477615252,3.0,6848.0
28-Apr-2017 00:00,29-Apr-2017 00:00,3.16759579034426,5.0,8332.0
29-Apr-2017 00:00,30-Apr-2017 00:00,1.03794952149338,3.0,3254.0
30-Apr-2017 00:00,01-May-2017 00:00,0.23655726249225,0.0,874.0
01-May-2017 00:00,02-May-2017 00:00,0.883089707596183,0.0,2233.0
02-May-2017 00:00,03-May-2017 00:00,2.28707644569466,24.0,6087.17775592784
03-May-2017 00:00,04-May-2017 00:00,2.66182581937182,8.0,7275.82224407216
04-May-2017 00:00,05-May-2017 00:00,2.43330460793577,0.0,7176.0
05-May-2017 00:00,06-May-2017 00:00,2.11533586195209,2.0,6102.0
06-May-2017 00:00,07-May-2017 00:00,2.26194474939647,5.0,6678.0
07-May-2017 00:00,08-May-2017 00:00,0.406727670513215,4.0,1256.0
08-May-2017 00:00,09-May-2017 00:00,1.63573985821834,3.0,4577.0
09-May-2017 00:00,10-May-2017 00:00,2.13561944536936,9.0,5562.0
10-May-2017 00:00,11-May-2017 00:00,2.00014321144173,24.0,5566.0
11-May-2017 00:00,12-May-2017 00:00,5.13991889858691,93.0,15237.0
12-May-2017 00:00,13-May-2017 00:00,2.36435174116833,3.0,6999.0
13-May-2017 00:00,14-May-2017 00:00,2.98495393088936,17.0,8487.0
14-May-2017 00:00,15-May-2017 00:00,1.11479094426812,3.0,3296.0
15-May-2017 00:00,16-May-2017 00:00,2.68136817620787,3.0,7073.0
16-May-2017 00:00,17-May-2017 00:00,3.14934310930959,56.0,7229.0
17-May-2017 00:00,18-May-2017 00:00,2.05526422925917,23.0,5385.0
18-May-2017 00:00,19-May-2017 00:00,1.43805041343905,29.0,4386.0
19-May-2017 00:00,20-May-2017 00:00,1.08843964167744,1.0,3453.0
20-May-2017 00:00,21-May-2017 00:00,1.05068069398718,5.0,3196.0
21-May-2017 00:00,22-May-2017 00:00,0.757362128693038,2.0,2309.0
22-May-2017 00:00,23-May-2017 00:00,2.72457052934646,11.0,7215.0
23-May-2017 00:00,24-May-2017 00:00,0.201597609604352,0.0,471.0
